<?xml version="1.0" encoding="ISO-8859-1"?><?xml-stylesheet href="/tel.xsl" type="text/xsl" ?>
<!DOCTYPE html PUBLIC "-//W3C//DTD HTML 4.01//EN" "http://www.w3.org/TR/html4/strict.dtd">


En 1815 M. Charles-François-Bienvenu Myriel était évêque de Digne. C'était un vieillard d'environ soixante-quinze ans; il occupait le siège de Digne depuis 1806.
 
 Quoique ce détail ne touche en aucune <Agrement int = 2>manière</Agrement>au fond même de ce que nous avons à raconter il n'est peut-être pas inutile ne fût-ce que pour être exact en tout d'indiquer ici les bruits et les propos qui avaient couru sur son compte au moment où il était arrivé dans le diocèse. Vrai ou faux ce qu'on dit des hommes tient souvent autant de place dans leur vie et surtout dans leur <Agrement int = 2>destinée</Agrement>que ce qu'ils font. M. Myriel était fils d'un conseiller au <Disagreement int = 2>parlement</Disagreement>d'Aix; <Disagreement int = 2>noblesse</Disagreement>de robe. On contait de lui que son père le réservant pour hériter de sa charge l'avait marié de fort bonne heure à dix-huit ou vingt ans suivant un usage assez répandu dans les familles parlementaires. Charles Myriel nonobstant ce <Disagreement int = 2>mariage</Disagreement>avait disait-on beaucoup fait parler de lui. Il était bien fait de sa personne quoique d'assez petite taille <Agrement int = 2>élégant</Agrement><Disagreement int = 2>gracieux</Disagreement>spirituel; toute la première partie de sa vie avait été donnée au monde et aux galanteries. La <Agrement int = 2>révolution</Agrement>survint les événements se précipitèrent les familles parlementaires décimées chassées traquées se dispersèrent. M. Charles Myriel dès les premiers jours de la <Agrement int = 2>révolution</Agrement>émigra en Italie. Sa femme y mourut d'une maladie de poitrine dont elle était atteinte depuis longtemps. Ils n'avaient point d'enfants. Que se passa-t-il ensuite dans la <Agrement int = 2>destinée</Agrement>de M. Myriel? L'écroulement de l'ancienne société française la chute de sa propre famille les tragiques spectacles de 93 plus effrayants encore peut-être pour les émigrés qui les voyaient de loin avec le grossissement de l'épouvante firent-ils germer en lui des idées de renoncement et de solitude? Fut-il au milieu d'une de ces <Disagreement int = 2>distractions</Disagreement>et de ces affections qui occupaient sa vie subitement atteint d'un de ces coups <Agrement int = 2>mystérieux</Agrement>et terribles qui viennent quelquefois renverser en le frappant au cœur l'homme que les catastrophes publiques n'ébranleraient pas en le frappant dans son existence et dans sa fortune? Nul n'aurait pu le dire; tout ce qu'on savait c'est que lorsqu'il revint d'Italie il était prêtre. 